{
  "SEO": {
    "AppName": "Home",
    "mobile_color": "#000000",
    "cfg_name": "DEMO SITE",
    "cfg_url": "demo-site.com",
    "analytics": "UA-XXXXXXXXXXX-1",
    "seo_lang": "en",
    "seo_geo": "EN",
    "seo_geo_latitude": "36.204824",
    "seo_geo_longitude": "138.252924",
    "app_facebook_ID": "688213608004081",
    "cfg_description": "I’ve been designing profesionally since 2003. I founded GC Com in 2008.",
    "cfg_keywords": "Bao Nguyen, Bảo Nguyên, Brands Designer, Web Developer, Apps Developer, Photograper, Front-End Developer",
    "cfg_author": "Bao Nguyen",
    "cfg_sitenameurl": "baonguyenyam",
    "app_facebook_adminsID": "XXXXXXX,XXXXXXX",
    "app_appleID": "XXX-XXX-XXX-XXXX",
    "cfg_sitenameurlgoogle": "XXXXXXXXXXXXXX",
    "verf_google": "VhfbPndGW-UftEvWql2Nwt7F1F5KBgd3lMcGgjn4Ovc",
    "verf_bing": "F7679394C660249FBA58732D6100A65A",
    "verf_yandex": "bc82adfacdd74cbf"
  }
}
